Application Number,Valid Upto Date
RAN10030621199228,License Not Expired! This Licence Is Valid Upto 2026-02-08
RAN10061218143577,Application Already Apply. Please Track App No. 210286190821095228
RAN10030818137411,License Not Expired! This Licence Is Valid Upto 2026-02-20
RAN10112418149911,NA
RAN10011618135189,NA
RAN10041718140641,NA
RAN10120617124836,NA
RAN10011719156264,NA
RAN10041718140570,NA
Licence_No,License Not found.
RAN10101717121814,NA
RAN10052518142975,NA
RAN10102221210522,License Not Expired! This Licence Is Valid Upto 2026-08-23
RAN10121117126174,NA
RAN1022032022211335,NA
RAN10052319165781,NA
RAN10121919178344,Application Already Apply. Please Track App No. 208903220721093438
RAN10092519175242,NA
RAN10090418146829,NA
